部分,考试类型,问题类型,问答对,筛选后三元组
证书考试,全国大学英语四、六级考试（CET),案例篇,问：考生在报名期间因为考试科目选择错误而申请退款。后续发现所有科目考试全部退款。自学考试不能选择单独科目退款吗？答：不能，考试院申请退费是当天所有考试全部退款，而非单独科目的退款。如需再参加相关考试需要考生在报名期间重新报名。,"['(考试科目选择错误, 导致, 当天所有考试全部退款)', '(退费, 处理方式, 当天所有考试全部退款)', '(自考, 不允许, 单独科目退款)', '(考生, 需要, 重新报名)', '(重新报名, 需在, 报名期间)']"
证书考试,全国大学英语四、六级考试（CET),报名篇,问：什么是全国大学英语四、六级考试？答：全国大学英语四、六级考试（CET）是由教育部主办，教育部教育考试院（原教育部考试中心）主持和实施的大规模标准化考试，是全国性的教学考试，其目的是促进我国大学英语教学工作，对大学生的英语能力进行客观、准确的测量，为提高我国大学英语课程的教学质量提供服务。CET笔试的考试时间为每年6月和12月；CET口试的考试时间为每年5月和11月，报考口试的考生必须先报考当次相应级别的笔试。CET同时设有非英语考试科目，包括：日语四级(CJT4)、日语六级(CJT6)、俄语四级(CRT4)、俄语六级(CRT6)、德语四级(CGT4)、德语六级(CGT6)和法语四级(CFT4)，以上考试科目每年6月开考一次，均为笔试考核，无口试考核。,"['(教育部考试中心, 更名为, 教育考试院)', '(六级考试, 考试时间, 每年6月和12月)', '(全国大学英语六级考试, 考试时间, 每年6月和12月)', '(CET口试, 考试时间, 每年5月和11月)', '(CET口试, 考试时间, 每年5月和11月)', '(CET口试, 报考条件, 报考当次相应级别笔试)', '(CET, 包含考试科目, CJT6)', '(全国大学英语四六级考试, 主办单位, 教育部)', '(CET, 包含, CRT6)', '(CET, 包含, CGT4)', '(CJT4, 考试时间, 每年6月)', '(CJT6, 考试时间, 每年6月)', '(CRT4, 考试时间, 每年6月)', '(CRT6, 考试时间, 每年6月)', '(CGT4, 考试时间, 每年6月)', '(CGT6, 考试时间, 每年6月)', '(CFT4, 考试时间, 每年6月)']"
证书考试,全国大学英语四、六级考试（CET),报名篇,问：全国大学英语四、六级考试笔试科目报考资格？答：根据教育部教育考试院相关规定，CET笔试报考资格为全日制普通高等院校及全日制成人高等院校的本科、专科在校生，在籍研究生。其中，修完大学英语四级课程的学生方可报考英语四级，修完大学英语六级课程且英语四级成绩达到425分及以上的学生方可报考英语六级。报考日、德、俄语六级考生，对其相应语种四级成绩不做要求。考生须按学籍所在校规定报考笔试科目。,[]
证书考试,全国大学英语四、六级考试（CET),报名篇,问：社会考生可以报考全国大学英语四、六级考试吗？答：根据教育部教育考试院相关规定，CET仅面向全日制普通高等院校及全日制成人高等院校的本科、专科在校生，在籍研究生，不接受社会考生报考。,"['(CET, 主管机构, 教育考试院)', '(CET, 不接受报考, 社会考生)', '(CET, 报考对象, 在籍研究生)', '(全日制成人高等院校, 包含, 本科在校生)', '(全日制成人高等院校, 教育层级包括, 专科)']"
证书考试,全国大学英语四、六级考试（CET),报名篇,问：成人继续教育考生为什么不能报考全国大学英语四、六级考试？答：根据教育部教育考试院相关规定，CET为校内教学性考试，仅面向全日制普通高等院校及全日制成人高等院校的本科、专科在校生，在籍研究生，不接受非全日制成教考生报考，如有外语水平鉴定的相关需求，可报考全国英语等级考试（PETS）、雅思、托福等外语类考试。,[]
证书考试,全国大学英语四、六级考试（CET),报名篇,问：全国大学英语四、六级考试口试的报考要求？答：口试为选考科目，考生在报考口试科目前须完成对应级别笔试科目的网络报名及缴费。口语考生应在已报名的笔试考点报考，不接受跨校报考。目前并非所有笔试考点均开设口试，具体以所在学校发布的相关通知为准。,"['(口试, 是, 选考科目)', '(考生, 完成, 笔试科目网络报名及缴费)', '(考生, 完成, 笔试科目网络报名及缴费)', '(口语考生, 报考地点为, 已报名的笔试考点)', '(口语考生, 禁止, 跨校报考)', '(笔试考点, 开设, 口试)']"
证书考试,全国大学英语四、六级考试（CET),报名篇,问：全国大学英语四、六级考试的报名时间？答：CET报名时间一般为每年的3月和9月，具体以所在学校发布的相关通知为准。注：2023年上半年是在4月27日12:00至5月8日15:00；2023年下半年时在9月14日14:00至9月26日14:00。,"['(全国大学英语六级考试, 缩写为, CET-6)', '(CET, 报名时间, 每年的3月和9月)', '(CET报名时间, 依据, 相关通知)', '(所在学校, 发布, 相关通知)']"
证书考试,全国大学英语四、六级考试（CET),报名篇,问：全国大学英语四、六级考试的网上报名如何进行？答：报名采用全国集中网上报名方式。考生须在所在学校规定时间内，自行登录全国大学英语四、六级考试报名网站（网址：http://cet-bm.neea.edu.cn）完成报名，其中包括注册用户、检查确认学籍信息与报考资格、选择报考语言级别、成绩报告单/证书申请及网上缴费等操作。,"['(网上报名, 包括, 注册用户)', '(网上报名, 包括, 检查确认学籍信息与报考资格)', '(全国大学英语四六级考试网上报名, 包括, 选择报考语言级别)', '(网上报名, 包括, 网上缴费)']"
证书考试,全国大学英语四、六级考试（CET),报名篇,问：考生今年大二，已经符合报考要求，向学校提出报考申请，高校让考生大三再考。这个考试不是在校生就能考么？答：考试由学校负责组织，请考生听从学校安排。。,"['(全国大学英语四, 组织者, 学校)', '(考生, 符合, 报考条件)']"
证书考试,全国大学英语四、六级考试（CET),考试篇,问：全国大学英语四、六级考试的考试大纲如何获取？答：考生可访问全国大学英语四、六级考试网站（http://cet.neea.edu.cn/），点击“考试大纲”栏目，下载电子版考试大纲。,"['(考试大纲栏目, 提供下载, 电子版考试大纲)']"
证书考试,全国大学英语四、六级考试（CET),考试篇,问：全国大学英语四、六级考试时间？答：CET笔试的考试时间为每年6月和12月，口试的考试时间为每年5月和11月，具体以全国大学英语四、六级考试网站（http://cet.neea.edu.cn/）发布的公告为准。,"['(CET笔试, 考试时间, 每年6月和12月)', '(CET笔试, 考试时间, 每年6月和12月)', '(口试, 考试时间, 每年5月和11月)', '(CET口试, 考试时间, 每年5月和11月)']"
证书考试,全国大学英语四、六级考试（CET),考试篇,问：准考证什么时候可以下载？答：考生可在规定时间自行登录全国大学英语四、六级考试报名网站（网址：http://cet-bm.neea.edu.cn）首页，通过“快速打印准考证”，完成所报考科目准考证的打印。注：2023年上半年下载时间：口试科目5月17日9:00起，笔试科目6月8日9:00起；2023年下半年下载时间：口试科目11月13日9:00起，笔试科目12月7日9:00起。,[]
证书考试,全国中小学教师资格考试笔试,结果篇,问：全国大学英语四、六级考试成绩发布时间和查询办法？答：上半年考试成绩发布时间一般为8月中下旬，下半年考试成绩发布时间一般为次年2月中下旬，具体的发布时间和查询方式以全国大学英语四、六级考试网站（http://cet.neea.edu.cn）发布的公告为准。在成绩发布10个工作日后，考生登录中国教育考试网（www.neea.edu.cn）免费查看并下载电子成绩报告单（小语种证书），电子成绩报告单（小语种证书）与纸质成绩报告单（小语种证书）同等效力。,"['(全国大学英语六级考试, 成绩查询网站, 中国教育考试网)', '(中国教育考试网, 提供下载, 电子成绩报告单)', '(电子成绩报告单, 同等效力, 纸质成绩单)']"
证书考试,全国中小学教师资格考试笔试,结果篇,问：全国大学英语四、六级考试成绩复核办法？答：如对当次成绩有异议，可按规定进行分数核查，具体办法详见全国大学英语四、六级考试网站（cet.neea.edu.cn）“考生服务”-“成绩核查”栏目。,[]
证书考试,全国中小学教师资格考试笔试,结果篇,问：全国大学英语四、六级考试成绩单/证书遗失可以补办吗？答：CET成绩报告单遗失或损毁后不予补发，参加2005年6月及以后各次考试考生可登录全国大学英语四、六级网站(cet.neea.edu.cn)自行办理成绩证明。成绩证明与CET成绩报告单有同等效力。2005年之前的考生建议与报考所在学校档案部门联系，开具相关证明。,"['(成绩证明, 效力等同, CET成绩报告单)', '(CET网站, 可办理, 成绩证明)', '(全国大学英语六级考试, 颁发, CET成绩报告单)', '(2005年之前的CET考生, 建议联系, 所在学校档案部门)']"
证书考试,全国中小学教师资格考试笔试,结果篇,问：全国大学英语四、六级考试成绩单/证书有效期多久？答：CET成绩报告单（小语种证书）不设有效期。,"['(CET成绩报告单, 有效期, 无)', '(CET成绩报告单, 有效期, 无)']"
证书考试,全国中小学教师资格考试笔试,结果篇,问：报名时重复缴费了怎么办？答：记录下报名网站系统所显示的交易订单号，以便日后用于核对和查询退款。重复缴纳的费用，教育部教育考试院将在考后一个月内原路退回支付账户。,[]
证书考试,全国中小学教师资格考试笔试,结果篇,问：报名考试缴费后如何申请发票？答：请考生在英语四六级考试报名后的3个月后，用考生自己的账号在“随申办”进行下载打印报名费发票。,[]
证书考试,全国中小学教师资格考试笔试,结果篇,问：考生已经取得四级、六级英语考试成绩合格。在四级考试时存在未被举报的违纪行为（如提前翻阅题目）。如他人进行举报考点核实后，是否会取消考生四六级成绩？答：会。,"['(考生, 参加, 四级)', '(考生, 取得合格成绩, 六级考试)', '(违纪行为, 包括, 提前翻阅题目)', '(举报, 触发, 考点核实)']"
证书考试,全国中小学教师资格考试笔试,报名篇,问：考生报考中小学教师资格考试有户籍或者身份要求吗？（报考对象）答：（1）申请幼儿园、小学、初级中学、高级中学、中等职业学校教师资格和中等职业学校实习指导教师资格（简称教资考）的考生需有本市户籍或持有本市居住证且在有效期内的居民、在本市学习、工作和生活的港澳台居民。（2）根据《教育部关于推进师范生免试认定中小学教师资格改革的通知》（教师函〔2022〕1号）文件精神，参加免试认定改革的高校教育类研究生、师范生，可参加学校组织的教育教学能力考核，也可自愿参加国家中小学教师资格考试。考生是否符合教育部规定的免试政策，可以向本人所在学校咨询。考生可根据自身情况自行决定是否报考全国统一举办的中小学教师资格考试。,"['(全国中小学教师资格考试笔试, 简称, 教资考)', '(教育部, 发布, 教育部关于推进师范生免试认定中小学教师资格改革的通知)', '(教育类研究生, 可参加, 学校组织的教育教学能力考核)', '(师范生, 可参加, 学校组织的教育教学能力考核)', '(教育类研究生, 可自愿参加, 全国中小学教师资格考试笔试)', '(师范生, 可自愿参加, 全国中小学教师资格考试笔试)', '(教育部关于推进师范生免试认定中小学教师资格改革的通知, 推进, 免试认定改革)', '(教资考, 要求, 本市常住户口)', '(全国中小学教师资格考试笔试, 报考条件, 本市户籍或居住证)', '(幼儿园教师资格, 属于, 教资考)', '(小学教师资格考试, 属于, 教资考)', '(初级中学教师资格, 需通过考试, 教资考)', '(高级中学教师资格, 属于, 教资考)', '(中等职业学校教师资格, 考试目标, 教资考)', '(中等职业学校实习指导教师资格, 属于考试类别, 全国中小学教师资格考试笔试)', '(免试政策, 依据, 教育部关于推进师范生免试认定中小学教师资格改革的通知)', '(学校, 组织, 教育教学能力考核)']"
证书考试,全国中小学教师资格考试笔试,报名篇,问：哪些人员不能报名参加教师资格考试？答：被撤销教师资格的，5年内不得报名参加考试；受到剥夺政治权利，或故意犯罪受到有期徒刑以上刑事处罚的，不得报名参加考试。曾参加教师资格考试有作弊行为的，按照《国家教育考试违规处理办法》（中华人民共和国教育部令第33号）相关规定执行。,"['(被撤销教师资格的人员, 禁止参加期限, 5年内不得报名参加考试)', '(受到剥夺政治权利, 不符合报名条件, 全国中小学教师资格考试笔试)', '(故意犯罪受到有期徒刑以上刑事处罚, 禁止报名参加, 全国中小学教师资格考试笔试)']"
证书考试,全国中小学教师资格考试笔试,报名篇,问：如何查询笔试和面试有关政策与要求的详细内容？答：有关笔试的政策与具体要求，可登录上海市教育考试院“上海招考热线”网站（http//:www.shmeea.edu.cn）查询；有关面试的政策与具体要求及教师资格认定，可登录上海市教师教育学院主办的上海教育人才网（https://shehr.shec.edu.cn/）查询。,[]
证书考试,全国中小学教师资格考试笔试,报名篇,问：如何了解中小学教师资格考试面试政策？答：中小学教师资格考试面试工作由市教师教育学院负责，咨询电话62523036。查询有关面试的政策与具体要求及教师资格认定，可登录上海市教师教育学院主办的上海教育人才网（https://shehr.shec.edu.cn/）。,"['(上海市教师教育学院, 负责, 中小学教师资格考试面试)', '(市教师教育学院, 咨询电话, 62523036)', '(上海市教师教育学院, 主办, 上海教育人才网)']"
证书考试,全国中小学教师资格考试笔试,报名篇,问：在沪部队的军官或者士兵能否报考中小学教师资格考试？答：可以，提供有效期内的二代身份证或者军人证原件及复印件以及团级以上政治部门开具驻地在沪的证明即可。,"['(全国中小学教师资格考试笔试, 需要, 驻地在沪的证明)', '(全国中小学教师资格考试笔试, 需要, 身份证或军人证复印件)', '(团级以上政治部门, 开具, 驻地在沪的证明)', '(在沪部队军官或士兵, 允许报考, 全国中小学教师资格考试笔试)', '(在沪部队士兵, 允许报考, 全国中小学教师资格考试笔试)']"
证书考试,全国中小学教师资格考试笔试,报名篇,"问：未拿到上海市居住证,持有居住证通知单能否报名？    答：不可以。按照报考公告中的要求，考生须持有上海市居住证且在有效期内。",[]
证书考试,全国中小学教师资格考试笔试,报名篇,问：居住证目前还没有办下来，可以先报名参加教师资格考试吗？答：在上海考区报名参加考试的考生，如果是非在校生，必须具有上海市户籍，或者持有在有效期内的上海市居住证，建议您在报名考试之前提前办理好居住证或者到户籍所在地报考。,[]
证书考试,全国中小学教师资格考试笔试,报名篇,问：上海市中小学教师资格考试笔试考试对象和报考条件？答：考试对象如下：申请幼儿园、小学、初级中学、高级中学、中等职业学校教师资格和中等职业学校实习指导教师资格的本市户籍或持有本市居住证且在有效期内的居民、在本市学习、工作和生活的港澳台居民。根据《教育部关于推进师范生免试认定中小学教师资格改革的通知》（教师函〔2022〕1号）文件精神，参加免试认定改革的高校教育类研究生、师范生，可参加学校组织的教育教学能力考核，也可自愿参加国家中小学教师资格考试。考生是否符合教育部规定的免试政策，可以向本人所在学校咨询。考生可根据自身情况自行决定是否报考全国统一举办的中小学教师资格考试，一经审核确认并完成缴费，概不退费。报考条件如下：（1）报考幼儿园和小学教师资格，应当具备大学专科毕业及以上学历。（2）报考初中教师资格，应当具备大学本科毕业及以上学历。（3）报考高级中学和中等职业学校教师资格，应当具备大学本科毕业及以上学历。（4）报考中等职业学校实习指导教师资格，应当具备中等职业学校毕业及以上学历，并应当具有相当助理工程师以上专业技术职务或中级以上工人技术等级。（5）上海市普通高等院校以及户籍在上海的外地普通高等院校全日制三年级（含在读专升本第四学年）及以上考生和全日制在读研究生，中高职贯通考生允许在其学习的最后一年，凭学校学籍管理部门出具的在籍学习证明或学信网上学籍报告报考。（6）符合申请认定教师资格的体检标准。（7）中小学教师资格考试有关政策规定详见《中小学教师资格考试暂行办法》（教师〔2013〕9号）和《教师资格条例》（教育部令第10号）。中小学教师资格证的认定除笔试成绩合格外，还需符合相应的学历层次、部分资格认定还需具备专业技术资格或等级、满足体检标准等，因此请考生在报考前详细了解本人拟申请认定教师资格所在地的认定条件，谨慎报考。,"['(报考幼儿园和小学教师资格, 学历要求, 大学专科毕业及以上学历)', '(中等职业学校实习指导教师资格报考条件, 学历要求, 中等职业学校毕业及以上学历)', '(中等职业学校实习指导教师资格, 需要具备, 相当助理工程师以上专业技术职务)', '(中等职业学校实习指导教师资格, 需要具备资格, 助理工程师以上专业技术职务或中级以上工人技术等级)', '(中小学教师资格认定, 政策依据, 中小学教师资格考试暂行办法)', '(中小学教师资格认定, 依据, 教师资格条例)', '(上海市普通高等院校全日制三年级及以上考生, 需提供材料, 学信网上学籍报告)', '(教育类研究生, 可参加, 学校组织的教育教学能力考核)']"
证书考试,全国中小学教师资格考试笔试,报名篇,问：看到报名条件有说上海市普通高等院校以及户籍在上海的外地普通高等院校全日制三年级（含在读专升本第四学年）及以上考生和全日制在读研究生。考生通过成人高考考入高校第三年，成人教育是否可以报考教资考笔试？答：自学考试/成人教育/网络教育/境外教育在读生不能报考教师资格考试，必须取得相应学历证书后才能报考。,"['(全国中小学教师资格考试笔试, 报考需取得, 学历证书)', '(教资考笔试, 别名, 全国中小学教师资格考试笔试)']"
证书考试,全国中小学教师资格考试笔试,报名篇,问：师范类学生是否需要参加教师资格考试？答：根据《教育部关于推进师范生免试认定中小学教师资格改革的通知》（教师函〔2022〕1号）文件精神，参加免试认定改革的高校教育类研究生、师范生，可参加学校组织的教育教学能力考核，也可自愿参加国家中小学教师资格考试。考生是否符合教育部规定的免试政策，可以向本人所在学校咨询。,"['(教育部, 发布, 教育部关于推进师范生免试认定中小学教师资格改革的通知)', '(教育类研究生, 被纳入, 免试认定改革)', '(教育类研究生及师范生, 适用政策, 师范生免试认定中小学教师资格改革)', '(免试认定改革, 允许参加, 学校组织的教育教学能力考核)', '(教育部, 规定, 免试政策)', '(学校, 组织, 教育教学能力考核)']"
证书考试,全国中小学教师资格考试笔试,报名篇,问：教资考只要笔试通过了就可以获得教师资格吗？答：符合考试条件的人员，可以报名参加考试；考试分笔试和面试两部分。笔试通过人员，可以报名参加面试；面试通过，并符合认定申请条件人员，可以申请教师资格认定。,[]
证书考试,全国中小学教师资格考试笔试,报名篇,问：面试的要求和政策规定也是考试院负责吗？答：有关面试的政策与具体要求及教师资格认定，可登录上海市教师教育学院主办的上海教育人才网（https://shehr.shec.edu.cn/）查询。咨询电话：62523036。,"['(上海市教师教育学院, 主办, 上海教育人才网)', '(上海教育人才网, 提供, 面试的政策与具体要求及教师资格认定信息)', '(上海教育人才网, 提供, 面试政策及具体要求)', '(上海教育人才网, 可查询, 教师资格认定政策与要求)']"
证书考试,全国中小学教师资格考试笔试,报名篇,问：怎么确认自己专业属于师范类？答：请考生向自己所在高校进行确认。,[]
证书考试,全国中小学教师资格考试笔试,报名篇,问：报名时填报的科目代码是什么？答：考生可以通过“上海招考热线”网站（www.shmeea.edu.cn）首页—证书考试—全国中小学教师资格考试笔试栏目内发布的“20XX年上半年/下半年中小学教师资格考试（笔试）上海考区报名公告 ”内附件《20XX年上半年/下半年中小学教师资格考试（笔试）科目代码列表》查看代码信息。,"['(全国中小学教师资格考试笔试, 属于, 证书考试)']"
证书考试,全国中小学教师资格考试笔试,报名篇,问：中小学教师资格考试笔试如何报名？答：报名分考生网上信息输入、报名信息确认和网上缴费三个阶段。考生在报名期间登录中小学教师资格考试网站（http://ntce.neea.edu.cn）需首先进行注册。所有考生（含以前参加过中小学教师资格考试的考生）报名前均需注册，已参加过中小学教师资格考试的考生注册操作不影响已获得的成绩。注册时要求考生填写姓名、身份证号等信息。然后按照流程填写个人信息、上传电子照片。考生根据本人情况选择考区和考试科目。考生报名信息先由各考区进行网上智能审核（考生填报信息与市大数据中心查询的户籍、居住证、学籍信息做一致性判定），在此期间考生可自行登录报名网站，若显示“待缴费”，表明考生符合报考条件通过了资格审核；若显示“审核不通过”，表明考生填报信息与市大数据中心查询的信息不一致，智能审核未通过。如果“审核不通过”的考生认为自己符合报考要求（如近期内才取得上海市居住证等），须登入中小学教师资格考试官网（http://ntce.neea.edu.cn/）再次提交报名信息后，进入待审核状态，再扫描报名公告中二维码登录“中小学教师资格考试（笔试）报名审核资料提交系统”在线提交相关证明材料。各区和直属高校考区和将根据考生填报的报考信息结合上传的证明材料进行人工审核，请考生及时关注报名网站中的审核状态。如人工审核不通过，考生可重新提交材料，每位考生最多提交三次。考生的报名信息确认审核通过即报名网站中显示“待缴费”，考生可在缴费截止日前自行登录中小学教师资格考试网完成网上缴费，缴费完成后即为报名成功。逾期未在网上缴费者本次报名无效。,"['(考生, 需完成, 网上信息输入)', '(考生, 需完成, 报名确认)', '(考生报名流程, 需完成阶段, 网上缴费)', '(考生, 访问, 中小学教师资格考试报名网站)', '(注册, 需要填写, 身份证号码)', '(考生, 填写, 个人信息)', '(考生, 上传, 电子照片)', '(考生, 选择, 考区)', '(考生, 选择, 考试科目)', '(网上智能审核, 数据比对来源, 市大数据中心)', '(市大数据中心, 查询, 户籍)', '(市大数据中心, 查询, 居住证)', '(中小学教师资格考试笔试报名审核通过状态, 显示状态为, 待缴费)', '(审核不通过的考生, 需提交, 相关证明材料)', '(区和直属高校考区, 执行, 人工审核)', '(报名成功, 前提条件, 网上缴费)', '(逾期未在网上缴费者, 导致, 报名无效)']"
证书考试,全国中小学教师资格考试笔试,报名篇,问：中小学教师资格考试笔试报名时间答：教资考每年举行两次，详细时间请关注“上海招考热线”网站（www.shmeea.edu.cn）首页—证书考试—全国中小学教师资格考试笔试栏目内发布的“20XX年上半年/下半年中小学教师资格考试（笔试）上海考区报名公告 ”注：2023年上半年于3月11日、下半年9月16日。,"['(全国中小学教师资格考试笔试, 发布报名信息渠道, 上海市教育考试院报名网站)', '(上海招考热线网站, 发布, 全国中小学教师资格考试笔试上海考区报名公告)', '(全国中小学教师资格考试笔试, 包含考区, 上海考区)', '(2023年上半年, 考试日期, 3月11日)', '(2023年下半年全国中小学教师资格考试笔试, 考试日期, 9月16日)']"
证书考试,全国中小学教师资格考试笔试,报名篇,问：学信网上查不到学籍报告怎么办？答：请在中小学教师资格考试报名网站上如实填写您的学籍情况。考生本人需对填报信息的真实性、准确性负责，并承担相应后果。下半年入学新生网上没有学信网信息，考生可以在规定时间内上传录取通知书作为审核依据。,"['(报名篇, 属于, 全国中小学教师资格考试笔试)', '(学籍报告, 查询于, 学信网)', '(中小学教师资格考试报名网站, 用于, 填报学籍信息)', '(考生, 需负责, 填报信息的真实性和准确性)', '(下半年入学新生, 上传, 录取通知书)', '(录取通知书, 用作, 审核依据)']"
证书考试,全国中小学教师资格考试笔试,报名篇,问：报名过程中选错考区，系统显示考生信息“待审核”，如何重新报考？答：考生可以先取消报考学科，再重新选择考区进行报考。,"['(考生信息, 状态, 待审核)', '(报名, 需先取消, 报考学科)']"
证书考试,全国中小学教师资格考试笔试,报名篇,问：报名审核已通过或已经缴费成功，还可以修改考区、考试科目等报名信息吗？答：不可以。请考生在报名时，认真逐项核对信息内容，因录入信息错误而造成的后果，由考生本人承担。,"['(全国中小学教师资格考试笔试, 包含步骤, 缴费)', '(报名审核已通过或缴费成功, 不可修改, 考区)', '(报名信息, 包含, 考区)', '(报名信息, 包含, 考试科目)', '(考生, 核对, 报名信息)']"
证书考试,全国中小学教师资格考试笔试,报名篇,问：笔试报名需要现场审核吗？答：上海市实行笔试报名信息网上智能审核确认，考生无需到现场审核，请在报名公告中规定时间重新登录网站查询审核结果，如审核通过，可按规定时间办理缴费手续。如审核未通过，请按未通过的原因修改并重新提交报名信息，等待再次审核。,[]
证书考试,全国中小学教师资格考试笔试,报名篇,问：教资考有补报名？错过了审核、缴费时间怎么办？答：教资考没有补报名，逾期视作自动放弃报名。,"['(教资考, 全称, 全国中小学教师资格考试笔试)', '(全国中小学教师资格考试笔试, 不提供, 补报名)', '(逾期, 视作, 自动放弃报名)', '(全国中小学教师资格考试笔试, 需完成, 审核)']"
证书考试,全国中小学教师资格考试笔试,报名篇,问：笔试与其他考试时间冲突，我可以要求更改考试时间段吗？答：不可以。中小学教师资格考试为全国统一考试，考试时间不可随意变更。如与考生报考的其他考试时间发生冲突，请考生自主选择，责任自负。,"['(全国中小学教师资格考试笔试, 属于, 全国统一考试)', '(全国中小学教师资格考试笔试, 属于, 全国中小学教师资格考试笔试)']"
证书考试,全国中小学教师资格考试笔试,报名篇,问：报名后不想参加考试可以退费吗？答：缴费成功后报名系统不支持费用退还。,[]
证书考试,全国中小学教师资格考试笔试,报名篇,问：我的姓名改了，怎么更改教师资格考试身份信息？答：考生考试期间出现更名的情况，由本人书面申请，带身份证、户口簿原件，在上海市教育考试院规定接待时间（周二下午1:30-4:00 周五上午9:00—11:00，国定节假日除外）进行登记，市教育考试院核实情况后上报教育部教育考试院统一变更。,"['(考生, 需提交, 书面申请)', '(书面申请, 需携带, 居民身份证)', '(上海教育考试院, 规定, 接待时间)', '(身份信息变更登记, 办理机构, 上海教育考试院)', '(考生, 需登记, 更名情况)', '(上海教育考试院, 上报, 教育考试院)', '(教育考试院, 统一变更, 考生身份信息)']"
证书考试,全国中小学教师资格考试笔试,考试篇,问：中小学教师资格考试的命题依据是什么？有无官方指定教材？答：中小学教师资格考试的命题依据是国家制定的中小学教师资格考试标准和考试大纲，笔试面试不指定考试用参考教材。考生可自行登录中小学教师资格考试网（http://ntce.neea.edu.cn）网页上方“资料下载”模块选择“考试标准”“笔试大纲”“面试大纲”。,"['(全国中小学教师资格考试笔试, 命题依据, 中小学教师资格考试标准和考试大纲)', '(全国中小学教师资格考试笔试, 命题依据, 中小学教师资格考试标准和考试大纲)', '(全国中小学教师资格考试笔试, 不指定, 考试用参考教材)', '(全国中小学教师资格考试笔试, 包含, 全国中小学教师资格考试笔试)', '(中小学教师资格考试报名网站, 包含模块, 资料下载)', '(资料下载, 提供, 考试标准)', '(资料下载模块, 提供, 笔试大纲)', '(中小学教师资格考试网资料下载模块, 提供, 面试大纲)', '(考试大纲, 包含, 笔试大纲)']"
证书考试,全国中小学教师资格考试笔试,考试篇,问：中小学教师资格考试采用什么考试方式？答：考试分为笔试和面试两部分。笔试采用纸笔考试方式进行。具体考试方式将根据教育部教育考试院统一部署执行。面试采用结构化面试、情景模拟等方式进行，考生通过抽题、备课、试讲、答辩等环节，完成面试。笔试各科目考试时间为120分钟，面试考试时间为20分钟。,"['(全国中小学教师资格考试笔试, 包含, 笔试)', '(全国中小学教师资格考试笔试, 包含, 面试)', '(笔试, 采用, 纸笔考试方式)', '(中小学教师资格考试面试, 采用, 结构化面试)', '(面试, 采用, 情景模拟)', '(面试, 包含环节, 抽题)', '(面试, 包含环节, 备课)', '(面试, 包含环节, 试讲)', '(面试, 包含环节, 答辩)', '(全国中小学教师资格考试笔试, 各科目考试时长, 120分钟)', '(面试, 考试时间, 20分钟)', '(教育考试院, 部署, 笔试考试方式)', '(笔试, 考试时间, 120分钟)', '(面试, 考试时间, 20分钟)']"
证书考试,全国中小学教师资格考试笔试,考试篇,问：中小学教师资格考试笔试部分主要考核什么内容？答：笔试主要考核申请人从事教师职业所应具备的教育理念、职业道德和教育法律法规知识；科学文化素养和阅读理解、语言表达、逻辑推理和信息处理等基本能力；教育教学、学生指导和班级管理的基本知识；拟任教学科（专业）领域的基本知识，教学设计、实施、评价的知识和方法，运用所学知识分析和解决教育教学实际问题的能力。,"['(全国中小学教师资格考试笔试, 考核, 教育理念)', '(全国中小学教师资格考试笔试, 考核, 职业道德)', '(全国中小学教师资格考试笔试, 考核, 教育法律法规知识)', '(全国中小学教师资格考试笔试, 考核, 科学文化素养)', '(全国中小学教师资格考试笔试, 考核, 阅读理解能力)', '(全国中小学教师资格考试笔试, 考核, 语言表达能力)', '(全国中小学教师资格考试笔试, 考核, 逻辑推理)', '(全国中小学教师资格考试笔试, 考核, 信息处理能力)', '(全国中小学教师资格考试笔试, 考核, 教育教学的基本知识)', '(全国中小学教师资格考试笔试, 考核, 学生指导)', '(全国中小学教师资格考试笔试, 考核, 班级管理的基本知识)', '(全国中小学教师资格考试笔试, 考核, 评价的知识和方法)', '(全国中小学教师资格考试笔试, 考核, 分析和解决教育教学实际问题能力)']"
证书考试,全国中小学教师资格考试笔试,考试篇,问：中小学教师资格考试面试主要考核什么内容？答：面试主要考核申请人的职业道德、心理素质、仪表仪态、言语表达、思维品质等教师基本素养和教学设计、教学实施、教学评价等教学基本技能。根据上海市基础教育发展需要和教师队伍实际情况，适时在不同的教师资格种类中，增加相应的面试内容。中职专业课和中职实习指导教师资格以及初中、高中、中职文化课教师资格中的心理健康教育、日语、俄语三门学科，面试中先进行30分钟科目考试（考试形式为机考），然后再进行下一环节20分钟备课，科目考试题由通试题（20道）和专业题（30道）共50道题构成，题型全为单一选择题。科目考试成绩按30%计入面试总成绩。,[]
证书考试,全国中小学教师资格考试笔试,考试篇,问：“综合素质”主要考查哪些知识和能力？答：职业理念、教育法律法规、教师职业道德规范、文化素养和基本能力。,"['(全国中小学教师资格考试笔试, 包含, 综合素质)', '(综合素质, 考查, 职业理念)', '(综合素质, 考查, 教育法律法规)', '(综合素质, 考查, 教师职业道德规范)', '(综合素质, 考查, 文化素养)', '(综合素质, 考查, 基本能力)']"
证书考试,全国中小学教师资格考试笔试,考试篇,问：“保教知识与能力”主要考查哪些知识和能力？答：学前教育原理、学前儿童发展、生活指导、环境创设、游戏活动的指导、教育活动的组织与实施,"['(保教知识与能力, 是科目, 全国中小学教师资格考试笔试)', '(保教知识与能力, 考查, 学前教育原理)', '(保教知识与能力, 考查, 学前儿童发展)', '(保教知识与能力, 考查, 生活指导)', '(保教知识与能力, 考查, 环境创设)', '(保教知识与能力, 考查, 游戏活动的指导)', '(保教知识与能力, 考查, 教育活动的组织与实施)']"
证书考试,全国中小学教师资格考试笔试,考试篇,问：“教育教学知识与能力”（小学） 主要考查哪些知识和能力？答：教育基础、学生指导、班级管理、学科知识、教学设计、教学实施、教学评价。,[]
证书考试,全国中小学教师资格考试笔试,考试篇,问：“教育知识与能力” （中学）主要考查哪些知识和能力？答：教育基础知识和基本原理、中学教学、中学生学习心理、中学德育、中学课程、中学生发展心理、中学生心理辅导、中学班级管理与教师心理。,"['(证书考试, 包含, 全国中小学教师资格考试笔试)', '(教育知识与能力, 考查, 教育基础知识和基本原理)', '(教育知识与能力, 考查, 中学生学习心理)', '(教育知识与能力, 考查, 中学课程)', '(教育知识与能力, 考查, 中学生发展心理)', '(教育知识与能力, 考查, 中学生心理辅导)', '(教育知识与能力, 考查内容, 中学班级管理与教师心理)']"
证书考试,全国中小学教师资格考试笔试,考试篇,问：“学科知识与教学能力” 主要考查哪些知识和能力？答：每个学科的考试大纲根据本学科的特点制定，基本包含学科知识、教学设计、教学实施和教学评价的内容。,"['(全国中小学教师资格考试笔试, 包含科目, 学科知识与教学能力)', '(学科, 具有, 考试大纲)', '(考试大纲, 包含, 学科知识)', '(考试大纲, 包含, 教学设计)', '(考试大纲, 包含, 教学实施)', '(考试大纲, 包含, 教学评价)', '(学科知识与教学能力, 依据, 考试大纲)']"
证书考试,全国中小学教师资格考试笔试,考试篇,问：准考证如何获取与打印？答：报名结束后，考试院根据各区报名情况和考点设置情况随机完成考场编排，生成考生准考证。准考证由考生在规定时间内自行登录中小学教师资格考试网进行下载和打印，考生必须按照准考证上的时间、地点参加考试。注：2023年上半年下载时间3月6日—3月11日、下半年9月11日—9月16日。,"['(教育考试院, 生成, 准考证)', '(教育考试院, 编排, 考场)', '(考生, 下载并打印, 准考证)', '(中小学教师资格考试报名网站, 提供下载, 准考证)', '(中小学教师资格考试报名网站, 提供下载, 准考证)']"
证书考试,全国中小学教师资格考试笔试,考试篇,问：身份证遗失了，能参加考试吗？答：按照教育部教育考试院及上海市教育考试院要求，考生必须提供身份证原件或公安部门开具的临时身份证参加考试，准考证上的“姓名”和“证件号码”信息与所持上述身份证件上不一致者，不得参加考试。,"['(全国中小学教师资格考试笔试, 监管机构, 教育考试院)', '(全国中小学教师资格考试笔试, 遵循要求, 教育部教育考试院及上海市教育考试院)', '(临时身份证, 考试中可替代, 身份证原件)', '(全国中小学教师资格考试笔试, 必须提供, 身份证原件或公安部门开具的临时身份证)', '(全国中小学教师资格考试笔试, 必须提供, 临时身份证)']"
证书考试,全国中小学教师资格考试笔试,考试篇,问：个人信息在,"['(全国中小学教师资格考试笔试, 属于, 证书考试)', '(考试篇, 属于, 全国中小学教师资格考试笔试)']"
证书考试,全国中小学教师资格考试笔试,考试篇,问：香港/澳门/台湾在上海就读的在校生，参加考试需要持什么身份证件？  答：按照教育部教育考试院及上海市教育考试院要求，港澳台考生必须提供港澳台居民居住证或港澳居民来往内地通行证或台湾居民来往大陆通行证（五年有效期）进入考场，准考证上的“姓名”和“证件号码”信息与所持上述身份证件上不一致者，不得参加考试。,"['(在校生, 就读地, 上海)', '(全国中小学教师资格考试笔试, 要求证件, 港澳居民来往内地通行证)', '(准考证, 包含信息, 证件号码)', '(教育考试院, 制定要求, 全国中小学教师资格考试笔试)']"
证书考试,全国中小学教师资格考试笔试,考试篇,问：中小学教师资格考试采用什么考试方式？答：考试分为笔试和面试两部分。笔试采用纸笔考试方式进行。具体考试方式将根据教育部教育考试院统一部署执行。面试采用结构化面试、情景模拟等方式进行，考生通过抽题、备课、试讲、答辩等环节，完成面试。笔试各科目考试时间为120分钟，面试考试时间为20分钟。,[]
证书考试,全国中小学教师资格考试笔试,考试篇,问：中小学教师资格考试笔试和面试有哪些科目？ 答：（1）幼儿园中小学教师资格考试笔试科目一为“综合素质”，科目二为“保教知识与能力”。面试不分科目。（2）小学中小学教师资格考试笔试科目一为“综合素质”，科目二为“教育教学知识与能力”。面试科目：语文、数学、英语、社会、科学、体育、音乐、心理健康教育、信息技术，共10个学科。（3）初级中学教师资格和高级中学教师资格，考试笔试科目一为“综合素质”，科目二为“教育知识与能力”，科目三为“学科知识与教学能力”。初级中学教师资格面试科目：语文、数学、英语、思想品德（政治）、历史、地理、物理、化学、生物、音乐、体育与健康、美术、信息科技、历史与社会、科学、心理健康教育、日语、俄语，共18个学科。高级中学教师资格面试科目：语文、数学、英语、思想品德（政治）、历史、地理、物理、化学、生物、音乐、体育与健康、美术、信息科技、通用技术、心理健康教育、日语、俄语共17个学科。（4）申请中等职业学校文化课教师资格的人员笔试参加高级中学教师资格考试，面试科目同高级中学。（5）申请中等职业学校专业课和中等职业学校实习指导教师资格的人员笔试参加高级中学中小学教师资格考试“综合素质”和“教育知识与能力”两科考试。“专业（学科）知识与教学能力”考试，主要结合面试进行考查。,"['(幼儿园教师资格考试笔试, 科目一, 综合素质)', '(幼儿园, 笔试科目二名称, 保教知识与能力)', '(幼儿园教师资格考试, 面试科目, 不分科目)', '(小学教师资格考试, 笔试科目一, 综合素质)', '(小学, 面试科目包含, 语文)', '(小学, 面试科目包含, 数学)', '(小学教师资格考试, 面试科目包含, 英语)', '(小学, 面试科目包含, 社会)', '(小学, 面试科目包含, 科学)', '(小学教师资格考试, 面试科目, 体育)', '(小学, 面试科目, 音乐)', '(小学, 面试科目包含, 心理健康教育)', '(小学教师资格考试, 面试科目包含, 信息技术)', '(初级中学教师资格, 笔试科目一, 综合素质)', '(初级中学, 笔试科目二, 教育知识与能力)', '(初级中学教师资格, 科目三为, 学科知识与教学能力)', '(初级中学教师资格, 面试科目, 语文)', '(初级中学教师资格, 面试科目包含, 数学)', '(初级中学教师资格, 面试科目, 英语)', '(初级中学教师资格, 面试科目包含, 历史)', '(初级中学, 面试科目包含, 地理)', '(初级中学教师资格, 面试科目, 物理)', '(初级中学教师资格, 面试科目包含, 化学)', '(初级中学教师资格, 面试科目包含, 生物)', '(初级中学教师资格, 面试科目包含, 音乐)', '(初级中学教师资格, 面试科目包含, 体育与健康)', '(初级中学教师资格, 面试科目包含, 美术)', '(初级中学教师资格, 面试科目包含, 信息科技)', '(初级中学教师资格, 面试科目包含, 历史与社会)', '(初级中学, 面试科目包含, 科学)', '(初级中学教师资格, 面试科目包含, 心理健康教育)', '(初级中学, 面试科目, 日语)', '(初级中学教师资格, 包含科目, 俄语)', '(高级中学教师资格考试, 笔试科目一, 综合素质)', '(高级中学, 笔试科目二, 教育知识与能力)', '(高级中学教师资格, 笔试科目三, 学科知识与教学能力)', '(高级中学教师资格, 面试科目包含, 语文)', '(高级中学, 面试科目包含, 数学)', '(高级中学教师资格, 面试科目包含, 英语)', '(高级中学, 面试科目包含, 历史)', '(高级中学, 面试科目包含, 地理)', '(高级中学, 面试科目包含, 物理)', '(高级中学教师资格, 面试科目包含, 化学)', '(高级中学, 面试科目, 生物)', '(高级中学, 面试科目包含, 音乐)', '(高级中学教师资格, 面试科目包含, 体育与健康)', '(高级中学教师资格, 面试科目包含, 美术)', '(高级中学教师资格, 面试科目包含, 信息科技)', '(高级中学, 面试科目包含, 通用技术)', '(高级中学, 面试科目包含, 心理健康教育)', '(高级中学教师资格, 面试科目包含, 日语)', '(高级中学教师资格, 面试科目, 俄语)', '(中等职业学校文化课教师资格, 笔试参加, 高级中学教师资格考试)', '(中等职业学校文化课教师资格, 面试科目同于, 高级中学教师资格)', '(中等职业学校专业课教师资格, 笔试科目包含, 综合素质)', '(中等职业学校专业课教师资格, 笔试科目包含, 教育知识与能力)', '(中等职业学校实习指导教师资格, 笔试科目包含, 综合素质)', '(中等职业学校实习指导教师资格, 笔试科目包含, 教育知识与能力)', '(中等职业学校实习指导教师资格, 考试结合方式, 面试)']"
证书考试,全国中小学教师资格考试笔试,考试篇,问：考试成绩如何确定？答：笔试成绩合格线由教育部确定。笔试单科合格成绩两年有效。笔试各科成绩合格者，方可参加面试。上海市教育委员会确定面试合格成绩。笔试和面试合格后由教育部教育考试院颁发中小学教师资格考试合格证明（如有需要，考生可自行通过中小学教师资格考试网（ntce.neea.edu.cn）查询、打印“网页版”考试合格证明），作为申请认定教师资格的必要条件。,"['(教育部, 确定, 笔试成绩合格线)', '(笔试单科合格成绩, 有效期, 两年)', '(笔试各科成绩合格者, 可参加, 面试)', '(上海市教育委员会, 确定, 面试合格成绩)', '(教育考试院, 颁发, 中小学教师资格考试合格证明)', '(申请认定教师资格, 必要条件, 中小学教师资格考试合格证明)', '(中小学教师资格考试报名网站, 提供查询服务, 中小学教师资格考试合格证明)', '(中小学教师资格考试报名网站, 支持打印, 中小学教师资格考试合格证明)']"
证书考试,全国计算机等级考试（NCRE),结果篇,问：在外省通过中小学教师资格证部分科目考试，到上海是否需要重新报考？答：可以。只要成绩在有效期内，笔试合格成绩全国通用。考生只要选择本人的户籍、居住证、学籍所在地继续报名未通过的科目即可，成绩的合并由教育部教育考试院负责。,"['(全国中小学教师资格考试笔试, 包含, 科目考试)', '(户籍所在地, 允许选择作为报名地点, 未通过的科目)', '(教育考试院, 负责, 成绩的合并)']"
证书考试,全国计算机等级考试（NCRE),结果篇,问：笔试成绩在哪里查询？答：考生自行登录报名系统中小学教师资格考试官网（http://ntce.neea.edu.cn/）成绩查询界面查询。,"['(全国计算机等级考试, 简称, NCRE)', '(笔试成绩, 查询入口, 中小学教师资格考试官网成绩查询界面)', '(笔试成绩, 查询入口, 中小学教师资格考试官网成绩查询界面)']"
证书考试,全国计算机等级考试（NCRE),结果篇,问：中小学教师资格考试如何查询成绩？答：一般考试结束后30个工作日开放查询成绩，具体时间以报名文件为准，届时考生可通过中小学教师资格网（http://ntce.neea.edu.cn）自行查询本人成绩。 注：2023年上半年4月13日19点、下半年11月8日10点。,"['(全国中小学教师资格考试笔试, 查询时间依据, 报名文件)', '(全国中小学教师资格考试笔试, 成绩查询入口, 中小学教师资格考试报名网站)', '(全国中小学教师资格考试笔试, 成绩查询开放时间, 2023年上半年4月13日19点)']"
证书考试,全国计算机等级考试（NCRE),结果篇,问：中小学教师资格考试笔试如何成绩复核？答：考生在笔试成绩公布后，如对本人的考试成绩有异议，可在考试成绩公布后10个工作日内登录上海市教育考试院网站（http://www.shmeea.edu.cn）申请网上成绩复核。成绩复核只核查考生答卷是否有漏评、加分错、登分错，不重新评阅答卷；复核结果只向考生提供所复核科目成绩总分，不得查阅答卷。上海市教育考试院负责收集复核考生申请信息，教育部教育考试院负责统一进行成绩复核工作。如果考生因成绩复核结果反馈延误了面试报名，教育部教育考试院将给考生开放面试补报名通道。注：2023年上半年复核时间4月14日10:00至4月27日10:00期间、下半年11月8日10:00至11月22日10:00期间。,"['(全国中小学教师资格考试笔试, 可申请, 成绩复核)', '(中小学教师资格考试考生, 申请, 成绩复核)', '(教育考试院, 负责统一进行, 成绩复核)', '(教育考试院, 开放, 面试补报名通道)', '(面试补报名通道, 用于补救, 面试报名延误)']"
证书考试,全国计算机等级考试（NCRE),结果篇,问：中小学教师资格考试笔试、面试考试合格证明有限期多长？答：笔试单科成绩有效期为2年，笔试各科成绩合格并在有效期内方可参加面试，笔试和面试的均合格者由教育部教育考试院颁发教师资格考试合格证明，教师资格考试合格证明有效期为3年。,"['(全国中小学教师资格考试笔试, 包含, 笔试)', '(全国中小学教师资格考试笔试, 包含, 面试考试)', '(笔试单科成绩, 有效期, 两年)', '(教师资格考试合格证明, 有效期, 3年)', '(教育考试院, 颁发, 教师资格考试合格证明)']"
证书考试,全国计算机等级考试（NCRE),结果篇,问：考试合格证明如何获取？答：考生经笔试和面试均合格后，可自行登录中小学教师资格考试网（http://ntce.neea.edu.cn）查询、打印“网页版”考试合格证明，提供给相关认定机构使用，有效期以考试合格证明上标示的时间为准。,"['(全国计算机等级考试, 缩写为, NCRE)', '(全国计算机等级考试, 属于, 证书考试)', '(考试合格证明, 获取条件, 笔试和面试均合格)', '(考试合格证明, 获取条件, 笔试和面试均合格)', '(考试合格证明, 形式, 网页版)', '(考试合格证明, 有效期依据, 考试合格证明上标示的时间)', '(考试合格证明, 提供给, 相关认定机构)', '(考生, 查询并打印, 考试合格证明)']"
证书考试,全国计算机等级考试（NCRE),结果篇,问：教师资格如何申请认定？答：通过中小学教师资格考试，笔试、面试均合格且在有效期内考生，可于每年2-3月期间、8月下旬关注上海市教师教育学院主办的上海教育人才网（https://shehr.shec.edu.cn/）中相关教师资格认定条件与申请流程公告，符合条件的考生可在每年上、下半年规定时间内登录上海市人民政府一网通办（http://zwdt.sh.gov.cn/govPortals/index.do），申请教师资格认定。2023年全国英语等级考试上海考区停考。,[]
证书考试,全国计算机等级考试（NCRE),报名篇,问：全国计算机等级考试的报考资格？答：报名者不受年龄、职业、学历等限制，均可根据自己学习情况和实际能力选考相应的级别和科目。,"['(全国计算机等级考试, 简称, NCRE)', '(报名者, 可报考, 全国计算机等级考试)', '(全国计算机等级考试, 报考资格不受限制, 学历)', '(全国计算机等级考试报名者, 选考, 级别和科目)', '(报名者, 选考, 科目)']"
证书考试,全国计算机等级考试（NCRE),报名篇,问：全国计算机等级考试时间？答：上海考区考试时间一般为每年3月、9月、12月。具体考试时间请关注“上海招考热线”网站（http://www.shmeea.edu.cn）相关公告。注：2023年报名时间：3月2日至5日每天10:00-16:00；8月31日至9月4日每天10:00-16:00；11月2日至4日每天10:00-16:00。,"['(全国计算机等级考试, 简称, NCRE)', '(全国计算机等级考试2023年报名时间, 包含, 11月2日至4日)', '(上海考区, 官方网站, 上海招考热线网站)']"
证书考试,全国计算机等级考试（NCRE),报名篇,问：全国计算机等级考试怎么报名？答：考生可访问统一的报名网址（教育网：https://ncre-bm.neea.edu.cn；公网：https://ncre-bm.neea.cn；），选择“上海市”入口进入登录页面，按照相关提示完成账号注册、信息填写、照片上传、缴费等网报步骤。首次登录系统需要注册获取登录通行证，若考生已有通行证账号，可以直接登录报名。,"['(NCRE, 全称, 全国计算机等级考试)', '(考生, 访问, 统一的报名网址)', '(考生, 选择报名入口, 上海)', '(网报步骤, 包括, 账号注册)', '(网报步骤, 包含步骤, 信息填写)', '(全国计算机等级考试网报步骤, 包括, 照片上传)', '(账号注册, 生成, 登录通行证)']"
证书考试,全国计算机等级考试（NCRE),报名篇,问：全国计算机等级考试费用每科多少？答：2023年每科目105元。,"['(全国计算机等级考试, 英文缩写, NCRE)', '(全国计算机等级考试, 2023年每科目费用, 105元)']"
证书考试,全国计算机等级考试（NCRE),报名篇,问：全国计算机等级考试错过报名时间，是否可以补报名？答：错过报名时间，不能补报名。,"['(全国计算机等级考试, 缩写为, NCRE)', '(全国计算机等级考试, 不支持, 补报名)']"
证书考试,全国计算机等级考试（NCRE),报名篇,问：全国计算机等级考试报名缴费后不想参加考试，可以退费吗？答：因自身原因无法参加考试的考生不能申请退费。,[]
证书考试,全国计算机等级考试（NCRE),报名篇,问：证书有一级至四级，报考各级别证书有要求吗？答：不需要，一级、二级、三级证书获取需要对应科目考试合格。四级证书获取需要该科目成绩达到合格线，并已经（或同时）获得对应的三级相关证书。,"['(全国计算机等级考试, 简称, NCRE)', '(全国计算机等级考试证书, 包含级别, 一级至四级)', '(全国计算机等级考试证书, 分为等级, 一级至四级)', '(全国计算机等级考试证书, 分为级别, 一级至四级)', '(一级, 获取条件, 科目考试合格)', '(二级, 获取条件, 科目考试合格)', '(三级, 获取条件, 科目考试合格)', '(四级, 获取条件, 成绩达到合格线并已获得对应的三级相关证书)', '(四级证书, 需要, 对应的三级相关证书)']"
证书考试,全国计算机等级考试（NCRE),报名篇,问：取得一、二、三、四级证书是需要考试通过各级别下所有科目的考试吗？答：不需要，取得的证书仅需当前级别科目满足获证条件即可。证书上有注明获证科目和级别。,"['(全国计算机等级考试, 属于, 证书考试)', '(NCRE, 全称是, 全国计算机等级考试)', '(全国计算机等级考试四级证书, 需满足, 获证条件)', '(证书, 注明, 获证科目和级别)', '(全国计算机等级考试证书, 注明, 获证科目和级别)', '(获证条件, 涉及, 科目)']"
证书考试,全国计算机等级考试（NCRE),报名篇,问：全国计算机等级考试有几个级别？ 答：,"['(NCRE, 缩写, 全国计算机等级考试)']"
证书考试,全国计算机等级考试（NCRE),报名篇,问：全国计算机等级考试有几个级别？答：级别：一级，科目名称：计算机基础及WPS Office应用，科目代码：14，考试时间：90分钟，考核课程代码：114，获证条件：科目14考试合格,
证书考试,全国计算机等级考试（NCRE),报名篇,问：全国计算机等级考试有几个级别？答：级别：一级，科目名称：计算机基础及MS Office应用，科目代码：15，考试时间：90分钟，考核课程代码：115，获证条件：科目15考试合格,
证书考试,全国计算机等级考试（NCRE),报名篇,问：全国计算机等级考试有几个级别？答：级别：一级，科目名称：计算机基础及Photoshop应用，科目代码：16，考试时间：90分钟，考核课程代码：116，获证条件：科目16考试合格,
证书考试,全国计算机等级考试（NCRE),报名篇,问：全国计算机等级考试有几个级别？答：级别：一级，科目名称：网络安全素质教育，科目代码：17，考试时间：90分钟，考核课程代码：117，获证条件：科目17考试合格,
证书考试,全国计算机等级考试（NCRE),报名篇,问：全国计算机等级考试有几个级别？答：级别：二级，科目名称：C语言程序设计，科目代码：24，考试时间：120分钟，考核课程代码：201、224，获证条件：科目24考试合格,
证书考试,全国计算机等级考试（NCRE),报名篇,问：全国计算机等级考试有几个级别？答：级别：二级，科目名称：Java语言程序设计，科目代码：28，考试时间：120分钟，考核课程代码：201、228，获证条件：科目28考试合格,
证书考试,全国计算机等级考试（NCRE),报名篇,问：全国计算机等级考试有几个级别？答：级别：二级，科目名称：Access数据库程序设计，科目代码：29，考试时间：120分钟，考核课程代码：201、229，获证条件：科目29考试合格,
证书考试,全国计算机等级考试（NCRE),报名篇,问：全国计算机等级考试有几个级别？答：级别：二级，科目名称：C++语言程序设计，科目代码：61，考试时间：120分钟，考核课程代码：201、261，获证条件：科目61考试合格,
证书考试,全国计算机等级考试（NCRE),报名篇,问：全国计算机等级考试有几个级别？答：级别：二级，科目名称：MySQL数据库程序设计，科目代码：63，考试时间：120分钟，考核课程代码：201、263，获证条件：科目63考试合格,
证书考试,全国计算机等级考试（NCRE),报名篇,问：全国计算机等级考试有几个级别？答：级别：二级，科目名称：Web程序设计，科目代码：64，考试时间：120分钟，考核课程代码：201、264，获证条件：科目64考试合格,
证书考试,全国计算机等级考试（NCRE),报名篇,问：全国计算机等级考试有几个级别？答：级别：二级，科目名称：MS Office高级应用与设计，科目代码：65，考试时间：120分钟，考核课程代码：201、265，获证条件：科目65考试合格,
证书考试,全国计算机等级考试（NCRE),报名篇,问：全国计算机等级考试有几个级别？答：级别：二级，科目名称：Python语言程序设计，科目代码：66，考试时间：120分钟，考核课程代码：201、266，获证条件：科目66考试合格,
证书考试,全国计算机等级考试（NCRE),报名篇,问：全国计算机等级考试有几个级别？答：级别：二级，科目名称：WPS Office高级应用与设计，科目代码：67，考试时间：120分钟，考核课程代码：201、267，获证条件：科目67考试合格,
证书考试,全国计算机等级考试（NCRE),报名篇,问：全国计算机等级考试有几个级别？答：级别：二级，科目名称：openGauss数据库程序设计，科目代码：68，考试时间：120分钟，考核课程代码：201、268，获证条件：科目68考试合格,
证书考试,全国计算机等级考试（NCRE),报名篇,问：全国计算机等级考试有几个级别？答：级别：三级，科目名称：网络技术，科目代码：35，考试时间：120分钟，考核课程代码：335，获证条件：科目35考试合格,
证书考试,全国计算机等级考试（NCRE),报名篇,问：全国计算机等级考试有几个级别？答：级别：三级，科目名称：数据库技术，科目代码：36，考试时间：120分钟，考核课程代码：336，获证条件：科目36考试合格,
证书考试,全国计算机等级考试（NCRE),报名篇,问：全国计算机等级考试有几个级别？答：级别：三级，科目名称：信息安全技术，科目代码：38，考试时间：120分钟，考核课程代码：338，获证条件：科目38考试合格,
证书考试,全国计算机等级考试（NCRE),报名篇,问：全国计算机等级考试有几个级别？答：级别：三级，科目名称：嵌入式系统开发技术，科目代码：39，考试时间：120分钟，考核课程代码：339，获证条件：科目39考试合格,
证书考试,全国计算机等级考试（NCRE),报名篇,问：全国计算机等级考试有几个级别？答：级别：四级，科目名称：网络工程师，科目代码：41，考试时间：90分钟，考核课程代码：401、403，获证条件：获得科目35证书，科目41考试合格,
证书考试,全国计算机等级考试（NCRE),报名篇,问：全国计算机等级考试有几个级别？答：级别：四级，科目名称：数据库工程师，科目代码：42，考试时间：90分钟，考核课程代码：401、404，获证条件：获得科目36证书，科目42考试合格,
证书考试,全国计算机等级考试（NCRE),报名篇,问：全国计算机等级考试有几个级别？答：级别：四级，科目名称：信息安全工程师，科目代码：44，考试时间：90分钟，考核课程代码：401、403，获证条件：获得科目38证书，科目44考试合格,
证书考试,全国计算机等级考试（NCRE),报名篇,问：全国计算机等级考试有几个级别？答：级别：四级，科目名称：嵌入式系统开发工程师，科目代码：45，考试时间：90分钟，考核课程代码：401、402，获证条件：获得科目39证书，科目45考试合格,
证书考试,全国计算机等级考试（NCRE),报名篇,问：在上海报名后，因工作要出差，是否也可以在外省市报名？答：考生每次报考期内只能选择在一个省份一个报考点内报考。,"['(全国计算机等级考试, 缩写, NCRE)', '(上海, 属于, 省份)']"
证书考试,全国计算机等级考试（NCRE),报名篇,问：报名考试后因为工作原因不想考了，如何申请退费？答：报名协议内有标注：考生本人理解并同意，在报名成功后，由于考生个人原因而无法参加考试，由考生个人承担相关责任，教育部教育考试院不进行退费。,[]
证书考试,全国计算机等级考试（NCRE),报名篇,问：每期考试报考科目有上限吗？答：每个考点有独立的报考数量限制。,"['(全国计算机等级考试, 缩写, NCRE)', '(报名篇, 属于, 全国计算机等级考试)', '(考点, 有, 独立的报考数量限制)']"
证书考试,全国计算机等级考试（NCRE),报名篇,问：考生一次可以报考几个科目？答：同次考试，考生最多可报3个科目，各考点根据设备数量等情况规定考生可报考的科目数（1-3）。考生只能在1个省级机构的1个考点报考。四级的成绩可保留6个月。如：考生同时报考了三级网络技术、四级网络工程师两个科目，结果通过了四级网络工程师考试，但没有通过三级网络技术考试，将不颁发任何证书，四级网络工程师考试成绩保留一次。6个月内，考生报考三级网络技术并通过，将一次获得三级和四级两个证书；若没有通过，将不能获得任何证书，同时四级网络工程师考试成绩自动失效。,"['(全国计算机等级考试, 缩写, NCRE)', '(考生, 最多可报, 3个科目)', '(考点, 属于, 省级机构)', '(四级网络工程师考试成绩, 保留期限, 6个月)', '(三级网络技术, 属于, 科目)']"
证书考试,全国计算机等级考试（NCRE),报名篇,问：报名参加12月份的考试，为什么选择报考科目全都是一、二级的，没有三、四级选项？答：NCRE考试时间为每年3月、5月、9月、12月，其中3月和9月开考全部级别全部科目，5月和12月考试开考一、二级全部科目，省级承办机构根据情况决定是否开考5月和12月考试。,[]
证书考试,全国计算机等级考试（NCRE),报名篇,问：报考的考场如何安排的？答：由考务系统自动编排考场随机确定。,"['(全国计算机等级考试, 缩写为, NCRE)', '(考务系统, 编排, 考场)']"
证书考试,全国计算机等级考试（NCRE),报名篇,问：考生参加了2023年9月全国计算机等级考试，成绩没有公布。12月考试报名在11月2-4日。报名后如果成绩合格怎么办？答：相关考生可在11月11日（星期六）8:00—16:00期间凭本人9月(第70次)考试成绩凭证向12月考试报考的考点申请退费处理，过期不再受理。退费将于12月考试结束后统一退回考生的缴费账户。考试科目需要在选择报考点后才会有具体显示。,"['(全国计算机等级考试, 简称, NCRE)', '(12月考试, 属于, 全国计算机等级考试)', '(第70次考试, 届次为, 2023年9月全国计算机等级考试)', '(12月考试, 报名时间, 11月2日至4日)', '(退费, 退回, 缴费账户)', '(考试科目, 需选择后显示, 报考点)', '(申请退费处理, 需提供, 9月考试成绩凭证)', '(12月考试, 报考的考点, 考点)']"
证书考试,全国计算机等级考试（NCRE),考试篇,问：考试时间在什么时候？答：具体考试时间请以考生下载获取准考证上的信息为准。注：2023年考试时间：3月25、26日；9月23、24日；12月2日、3日。,"['(全国计算机等级考试, 属于, 证书考试)', '(全国计算机等级考试, 缩写, NCRE)', '(准考证, 包含, 考试时间)']"
证书考试,全国计算机等级考试（NCRE),考试篇,问：有没有统一的考试大纲和辅导教材，如何购买？答：为了帮助考生学习和应考，教育考试院还组织专家编写了全国计算机等级考试系列教程（含考试大纲），由高等教育出版社独家出版。考生可到各地新华书店书店或在线购买。上海书城官方旗舰店提供网上售书，网址：https://shanghaishucheng.tmall.com。,"['(全国计算机等级考试系列教程, 包含, 考试大纲)', '(高等教育出版社, 出版, 全国计算机等级考试系列教程)', '(全国计算机等级考试系列教程, 销售渠道, 各地新华书店)', '(全国计算机等级考试系列教程, 销售渠道, 上海书城官方旗舰店)', '(考生, 购买, 全国计算机等级考试系列教程)', '(全国计算机等级考试系列教程, 考试教材, 全国计算机等级考试)']"
证书考试,全国计算机等级考试（NCRE),考试篇,问：准考证什么时候下载？答：请考生关注报名时间内各院校提供的准考证下载时间。在规定时间登录（https://ncre-bm.neea.cn），选择“上海市”入口进入考生登录页面，下载准考证。,[]
证书考试,上海市高校信息技术水平考试,成绩,问：考试成绩一般在考后什么时候可以查询？答：预计在考后的30天至40天左右，具体考试时间请以“上海招考热线”—证书考试—全国计算机等级考试（NCRE）内公告信息为准。注：2023年3月考试在5月10日开始查询。,"['(上海市高校信息技术水平考试, 属于, 证书考试)', '(全国计算机等级考试, 缩写, NCRE)', '(上海市高校信息技术水平考试, 公告信息来源, 上海招考热线网站)', '(全国计算机等级考试, 公告渠道, 上海招考热线网站)']"
证书考试,上海市高校信息技术水平考试,成绩,问：全国计算机等级考试成绩复核办法？答：考生如对当次考试成绩有异议，可在成绩公布后的3个工作日内向当次参加考试的考点以书面形式申请成绩复核，过期不再受理。,"['(全国计算机等级考试, 规定, 成绩复核办法)', '(考生, 申请, 全国计算机等级考试成绩复核)', '(成绩复核申请, 提交至, 考点)', '(全国计算机等级考试成绩复核, 申请方式, 书面形式)', '(成绩复核, 逾期处理, 过期不再受理)']"
证书考试,上海市高校信息技术水平考试,成绩,问：NCRE证书的有效期是多久？答：NCRE所有证书均无时效限制。,"['(NCRE证书, 时效限制, 无)']"
证书考试,上海市高校信息技术水平考试,成绩,问：如何计算成绩？答：NCRE考试实行百分制计分，但以等第形式通知考生成绩。成绩等第分为“优秀”、“良好”、“及格”、“不及格”四等。100-90分为“优秀”，89-80分为“良好”，79-60分为“及格”，59-0分为“不及格”。,"['(上海市高校信息技术水平考试, 属于, 证书考试)', '(NCRE考试, 实行, 百分制计分)', '(上海市高校信息技术水平考试成绩, 等第包括, 良好)', '(NCRE考试成绩, 等第包括, 及格)', '(优秀, 对应分数段, 100-90分)', '(良好, 对应分数段, 89-80分)', '(上海市高校信息技术水平考试-及格, 对应分数段, 79-60分)', '(不及格, 分数段, 59-0分)']"
证书考试,上海市高校信息技术水平考试,成绩,问：考生如何获取全国计算机等级考试成绩证书？答：自2023年9月考试起，电子证书将替代纸质合格证书，所有符合取证条件的考生都将获得电子证书，同时不再制作和下发纸质版合格证书，考生可通过中国教育考试网首页“证书查询”栏目中“全国计算机等级考试”项查询下载。,[]
证书考试,上海市高校信息技术水平考试,成绩,问：2022年前的证书能够补办吗？答：请通过“中国教育考试网”（https://www.neea.edu.cn/）申请补办合格证明书。,"['(上海市高校信息技术水平考试, 属于, 证书考试)', '(中国教育考试网, 提供补办服务, 合格证明书)']"
证书考试,上海市高校信息技术水平考试,成绩,问：全国计算机等级考试报考发票如何获取？答：当次考试成绩公布后，考生可通过一网通办（随申办市民云AAP）上查询下载电子发票。,"['(一网通办, 别名, 随申办市民云APP)', '(全国计算机等级考试报考发票, 可获取为, 电子发票)']"
证书考试,上海市高校信息技术水平考试,报名篇,问：报名上海市高校信息技术水平考试（简称上信考）有什么条件吗？答：必须是本市高校在籍的本、专科生和研究生。,"['(上海市高校信息技术水平考试, 简称, 上信考)']"
证书考试,上海市高校信息技术水平考试,报名篇,问：不是高校在籍学生能够报名吗？答：不能。,"['(上海市高校信息技术水平考试, 属于, 证书考试)', '(上海市高校信息技术水平考试, 报名条件, 高校在籍学生)']"
证书考试,上海市高校信息技术水平考试,报名篇,问：每年什么时候考试？答：考生可以登录“上海招考热线网站”（www.shmeea.edu.cn）—首页—证书考试—上海市高等学校信息技术水平考试栏目内发布的“20XX年上海市高等学校信息技术水平考试报名公告”或联系在读高校了解相关信息。注：2023年上信考时间是在10月28日、10月29日、11月4日、11月5日。,[]
证书考试,上海市高校信息技术水平考试,报名篇,问：什么时候报名？答：考生请直接联系学校负责老师进行确认。注：2023年对外开放时间6月14日10:00-6月21日16:00，9月13日10:00-9月20日16:00，考点可结合本校教学实际情况自行选择开放的时间段。,[]
证书考试,上海市高校信息技术水平考试,报名篇,问：考生怎么报名？答：请考生联系学籍所在学校听从学校安排，或在规定时间登录上海市教育考试院报名网站（https://scite.shmeea.edu.cn）进行报名。,"['(上海市高校信息技术水平考试, 属于, 证书考试)', '(上海市高校信息技术水平考试, 报名方式, 联系学籍所在学校)', '(上海市教育考试院报名网站, 运营机构, 上海教育考试院)']"
证书考试,上海市高校信息技术水平考试,考试篇,问：准考证怎么下载？答：考生可登录上海市教育考试院报名网站（https://scite.shmeea.edu.cn）—快速打印下载准考证。,"['(上海市高校信息技术水平考试, 属于, 证书考试)', '(考试篇, 隶属分类, 上海市高校信息技术水平考试)']"
证书考试,上海市高校信息技术水平考试,考试篇,问：考试成绩什么时候可以查询？答：考生可以关注“上海招考热线网站”（www.shmeea.edu.cn）—首页—证书考试—上海市高等学校信息技术水平考试栏目内发布的“20XX上海市高等学校信息技术水平考试成绩即将公布”信息。注：2022年上信考查询时间在4月3日14:00至5月31日14:00。2023年未公布。,"['(上海市教育考试院报名网站, 包含栏目, 证书考试)', '(上海市教育考试院报名网站, 发布信息, 上海市高等学校信息技术水平考试成绩即将公布)', '(上海市高校信息技术水平考试, 查询平台, 上海市教育考试院报名网站)']"
证书考试,上海市高校信息技术水平考试,考试篇,问：考试成绩哪里可以查询？答：考生可联系学籍学校相关负责老师，或登录上海市教育考试院“上海招考热线”网站（www.shmeea.edu.cn），点击首页下方的“成绩查询”栏目查询成绩。,"['(上海市高校信息技术水平考试, 属于, 证书考试)', '(上海招考热线网站, 运营机构, 上海教育考试院)', '(成绩查询栏目, 位于, 上海招考热线网站)', '(考试成绩, 查询方式, 学籍学校相关负责老师)']"
证书考试,上海市高校信息技术水平考试,结果篇,问：上信考有一级至四级，考生参与专科应届毕业生的“专升本”考试要求的上信考证书是几级？答：除招生院校的特别要求（详情请查看各院校的招生简章），一般一级证书即可。,"['(上海市高校信息技术水平考试, 简称, 上信考)', '(上海市高校信息技术水平考试, 包含级别, 一级至四级)', '(专升本, 要求证书, 上信考一级证书)', '(招生高校, 要求, 特别要求)']"
证书考试,上海市高校信息技术水平考试,结果篇,问：对于成绩不认可怎么反映？答：考生若对本人的成绩有异议，可于规定时间向本人所在高校提交成绩复查申请，由高校将申请统一汇总后提交上海市教育考试院，考试院将把复查结果反馈给高校。注：2022年上信考复核申请时间在4月7日前。考试院反馈时间是在4月12日前。,"['(考生, 提交, 成绩复核申请)', '(高校, 汇总, 成绩复核申请)', '(考生所在高校, 提交, 上海教育考试院)', '(上海教育考试院, 反馈复查结果, 高校)', '(2022年上信考复核申请时间, 截止日期, 4月7日前)', '(上海教育考试院, 复查结果反馈截止时间, 4月12日前)', '(上海教育考试院, 审核, 成绩复核申请)']"
证书考试,上海市高校信息技术水平考试,结果篇,问：对于成绩不认可怎么反映？答：考生若对本人的成绩有异议，可于规定时间向本人所在高校提交成绩复查申请，由高校将申请统一汇总后提交上海市教育考试院，考试院将把复查结果反馈给高校。注：2022年上信考复核申请时间在4月7日前。考试院反馈时间是在4月12日前。,"['(考生, 提交, 成绩复核申请)', '(高校, 汇总, 成绩复核申请)', '(考生所在高校, 提交, 上海教育考试院)', '(上海教育考试院, 反馈复查结果, 高校)', '(2022年上信考复核申请时间, 截止日期, 4月7日前)', '(上海教育考试院, 复查结果反馈截止时间, 4月12日前)', '(上海教育考试院, 审核, 成绩复核申请)']"
证书考试,普通话水平测试,报名篇,问：哪些考生可以报名？答：1.本市户籍人员，持有本市有效期内居住证的外省市户籍人员，本市全日制普通高等院校、中等职业学校在读在籍学生。其中本科2021级、高职高专及中职校2022级全日制学生除外，该部分学生将由所在学校统一组织测试。,
证书考试,普通话水平测试,报名篇,问：考生之前已在上海报名名普通话考试，可以同时在外省市报考吗 答：已在外省市报考，现在想在上海报考？须在前次测试（含外省）成绩公布之后方可再次报名。如当天缺考，隔天就可以报名。,
证书考试,普通话水平测试,报名篇,"问：在哪里报名？是否有线下报名方式？ 答：考生登录“全国普通话水平测试在线报名”页面（http://bm.cltt.org）,报名入口选择“上海”，额满为止。考生报名之前应仔细阅读线上报名操作说明。不接受线下报名。",
证书考试,普通话水平测试,报名篇,问：报名时候一网通办自动导入的照片不是我的照片怎么办？答：考生在报名前须先在“一网通办”注册并完成实名认证（https://www.shanghai.gov.cn），在线报名系统须使用“一网通办”账号进行登录方可报名，报名时系统会自动获取考生在“一网通办”账号中的姓名、身份证号码、手机号码，自动导入在线报名系统且不能修改。如信息有误须在报名前登录“一网通办”平台进行修改。如已报名完成，则信息无法修改。,
证书考试,普通话水平测试,报名篇, 问：报名时候没有显示我的头像照片，是否要上传照片？答：能从“一网通办”平台获取证件照的考生无需再上传证件照，无法获取证件照的考生须在报名系统中上传近期免冠证件照，白底为宜，像素390*567、大小不超过1MB，jpg格式（不符合要求可能会存在无法上传的情况）。在线报名页面所上传的考生本人证件照仅用于准考证打印，用于证书的照片必须测试当天现场采集。,
证书考试,普通话水平测试,报名篇,"问：报名时需上传哪些材料？答：考生须在报名系统中上传相关材料，最多可上传3张附件，如材料较多，请将照片拼接后上传。提交的材料如有不全、模糊、无法辨别、不实等情况，将无法通过材料复核。材料要求如下（其一即可）：1.上海市居民户口簿考生信息所在页；2.在有效期内的本市居住证（必须是原件，居住证含上海申领的港澳台人士居住证）；3.本市全日制高校、中职校在读在籍学生在有效期内的学生证信息页。（不主动介绍：驻沪军人需上传军官证）
",
证书考试,普通话水平测试,报名篇, 问：报名名额已满是否会增加答：对于需要进行材料复核的场次，在复核过程中如遇复核不通过或复核通过后未在24小时内缴费的情况，系统会自动释放所占名额，此时可再次进行报名。期间需考生自行登录查看。,
证书考试,普通话水平测试,报名篇,问：报名时的手机号码改了，不是现在用的手机，如何修改手机号码答：所有考生在报名前必须先在上海一网通办完成注册并完成实名认证（https://www.shanghai.gov.cn），在线报名系统将用一网通办账号进行登录，随后才能报名，报名时系统会自动获取考生在一网通办账号中的姓名、身份证号码、手机号码，并且带入到在线报名系统并且不能修改。（如信息有误须在报名前登录一网通办平台进行修改）,
证书考试,普通话水平测试,报名篇,问：考试费用多少？为什么外省市学生是25元每次？答：测试费用50元/人次。复核通过后，考生可通过微信扫码、支付宝扫码或银联在线支付完成线上缴费。缴费完成后测试日期无法更改，费用不能退还。各省份收费情况各不相同。,
证书考试,普通话水平测试,报名篇,"问：学校集体报名和社会考生个人报名有什么区别？答：社会考生报名需缴纳50元的报名费用，成绩查询在考后30个工作日（去除周末节假日）。学校集体报名无需缴费，但成绩公布时间以学校为准，预计在3-6月后。
",
证书考试,普通话水平测试,报名篇, 问：报名审核通过后，已缴费，现在不想参加了，要求退费。答：考生应对本人报名行为负责。缴费成功后，测试场次、考生信息等均不可更改或撤销，所缴测试费用均不办理退费。,
证书考试,普通话水平测试,报名篇, 问：收到短信提示没有通过怎么办？答：考生提交信息后，工作人员将于2个工作日内完成复核工作，复核结果通过系统自动以短信方式发送到考生手机上，通过复核的考生必须在24小时内完成在线支付测试费，超时则视为放弃本次报名机会。未通过的考生请在系统提示的时限内再次上传相关材料。请考生密切留意系统短信。手机、信号、运营商等因素可能会造成系统短信的延时甚至无法接收，为避免超时，建议考生经常登录网页及时关注复核状态。,
证书考试,普通话水平测试,报名篇,问：当时有报名，现在登录提示未查询到报考信息？答：考生未在审核驳回后规定时间内上传材料，视为自动放弃，烦请参与下次考试报名。,
证书考试,普通话水平测试,报名篇, 问：缴费后发票如何获取？答：测试费缴纳完成后的次日起，移动端可登录“随申办”app，在“我的”-“我的票据”中查询并保存电子版票据。网页端可登录一网通办，在“我的主页”-“我的办件”-“我的支付”-“点子票据”中查询并保存电子版。,
证书考试,普通话水平测试,报名篇, 问：成绩不合格证书邮寄费是否退回 答：对于在报名系统选择证书邮寄并支付邮寄费的考生，如为缺考、不入级（成绩不到60分）、违纪、作弊等不发证书的情况在本场测试成绩公布后，证书邮寄费系统将原路退还。,
证书考试,普通话水平测试,考试篇, 问：考试时间？答：请以下载准考证上的时间为准。,
证书考试,普通话水平测试,考试篇,"问：什么时候下载准考证？/在哪里下载准考证？答：考生缴费完成后可在报名系统中直接下载准考证。
",
证书考试,普通话水平测试,考试篇, 问：普通话考试中有哪些考场规则和注意事项？答：请考生仔细查看准考证上的相关说明。特别注意：考生在考前务必再次检查是否携带好本人纸质准考证、二代身份证原件。（二者缺一不可，否则无法参加考试）。考生应按准考证上的规定时间报到。迟到30分钟以上者，取消测试资格，测试费不予退还。测试期间，考生在测试室必须关闭手机等通讯工具，否则按违纪处理。,
证书考试,普通话水平测试,考试篇, 问：因事项无法参与考试，是否可以在当天修改考试时间？答：1.如考生在考试前几天来电询问：告知：请准时参加考试。如遇特殊情况，请考生用电子邮件叙述事项并附上证明材料（如其他考试冲突、学校课程安排。附带其他考试的准考证、学校课程安排证明等）于当天16:00之前发送至shpsczx@126.com邮箱，交由业务部门老师给予考生答复。2.请准时参加考试，考生应按准考证上的规定时间报到。迟到三十分钟以上者，取消测试资格。,
证书考试,普通话水平测试,考试篇, 问：身份证遗失，或者身份正在补办怎么参加考试？答：如遇不可抗力情况，请提前到达考点询问现场老师，由老师核实情况是否可以参考。,
证书考试,普通话水平测试,考试篇,问：普通话考试的题型有哪些？答：请考生自行登录国家普通话水平测试在线报名系统（https://bm.cltt.org）-首页-测前须知内的机辅测试和测试内容。,
证书考试,普通话水平测试,考试篇, 问：有培训机构吗？答：上海市教育考试院遵循“教考分离”的原则，没有针对考生的普通话测试考前辅导培训。,
证书考试,普通话水平测试,考试篇, 问：普通话考试有没有培训教材？答：测试资料为语文出版社出版的《普通话水平测试应试指导》，考生可按需自行购买。,
证书考试,普通话水平测试,考试篇, 问：测试中如不服从现场管理被认定为违纪，会有什么影响？答：考生在测试过程中有违纪及作弊行为，一经查实将取消当次测试成绩及一年内的应试资格，情节严重者，将依法追究相关责任。,
证书考试,普通话水平测试,考试篇, 问：身份证遗失，是否可以使用临时身份证参加考试？答：可以参加考试。（根据《中华人民共和国居民身份证法》，有效期内的临时身份证与居民身份证具有同等效益）,
证书考试,普通话水平测试,考试篇,问：可否使用电子身份证参加考试？答：一般来说无法直接使用电子身份证参加考试，具体情况请考生提前到达考场，根据监考老师核实信息后决定是否可以参加。,
证书考试,普通话水平测试,结果篇, 问：如何查询测试成绩/查不到成绩？答：1.社会测考生在完成测试的30个工作日后(非30天，双休日及国定节假日不是工作日)，可通过全国普通话信息资源网（www.cltt.org）的“查分验证”栏中进行查询。2.各高校、区统一组织的测试，考生成绩由学校（区）对学生公布，公布后考生可在（www.cltt.org）的“查分验证”栏中进行查询，具体请咨询学校。,
证书考试,普通话水平测试,结果篇," 问：普通话水平测试等级分为几级？答：普通话水平测试等级分为三级六等。测试成绩在60-70分之间（不含70分）为三级乙等，70-80分之间（不含80分）为三级甲等，80-87分之间（不含87分）为二级乙等，87-92分之间（不含92分）为二级甲等，92-97分之间（不含97分）为一级乙等，97-100分为一级甲等。
",
证书考试,普通话水平测试,结果篇, 问：对于成绩不认可，要求申请成绩复核。答：询问考生复核的原因，如是成绩不符合预期，觉得成绩低了打分较严。告知考生请提升自己普通话能力，不予受理。,
证书考试,普通话水平测试,结果篇, 问：如何申请证书？答：考生需在缴费后选择是否需要纸质证书。（在下载准考证前会有选项，需选择是否需要纸质证书后，才可下载准考证）,
证书考试,普通话水平测试,结果篇,问：考试成绩出了，再想补证书？答：无法办理，需在考试缴费后，下载准考证前申请。,
证书考试,普通话水平测试,结果篇,问：证书丢失如何补办？答：按照《普通话水平测试管理规定》（中华人民共和国教育部令第51号）规定：纸质证书遗失的，不予补发。考生可以通过国家政务服务平台查询测试成绩或电子证书，查询结果与纸质证书具有同等效力。,
证书考试,普通话水平测试,结果篇,问：多次考试以哪次考试结果为准？答：普通话水平测试不限测试次数，每次测试所颁发的证书均有效，考生可选择成绩最好的证书来使用。（每张证书成绩独立，互不影响，不覆盖）,
证书考试,普通话水平测试,结果篇,问：证书邮寄地址可以变更吗？答：在线报名系统中无法更改证书邮寄地址，如需变更请在证书寄出后联系顺丰客服或在顺丰app中办理转寄。请考生使用报名时使用的手机号码绑定顺丰程序，接到证书寄出消息后可申请改寄业务。,
证书考试,普通话水平测试,结果篇,问：成绩不合格证书邮寄费是否退回答：对于在报名系统选择证书邮寄并支付邮寄费的考生，如为缺考、不入级（成绩不足60分）、违纪、作弊等不发证书的情况在本场测试成绩公布后，证书邮寄费系统将原路退还。,
证书考试,普通话水平测试,结果篇, 问：考生成绩当天已经公布，通过国家政务平台APP未查询到电子证书？答：由于成绩刚公布，国家政务平台同步电子证书可能会存在延迟，请考生过1-3个工作日再次查看下。（如依旧无证书，升级）,
证书考试,普通话水平测试,结果篇,问：报名界面有证书直邮功能，是否是等出成绩后48小时内直接申请证书邮寄功能？答：上海暂未开放证书直邮功能。,
证书考试,上海市高等学校教师资格专业课程考试,报名篇,"问：高校教资考考报名条件(报名对象)是什么？有什么要求吗？答：1、遵守宪法和法律，热爱教育事业，遵守教师职业道德；符合申请认定教师资格的体检标准；具备大学本科毕业及以上学历。2、根据《教师资格条例》，“申请参加高等学校教师资格考试的，应当学有专长，并有两名相关专业的教授或者副教授推荐”，方可报考。在本市高校任职或拟聘的报考人员，推荐信提交至所在高校人事部门；在本市高校附属医院任职或拟聘的报考人员，推荐信提交至所在医院人事部门，由所在高校或医院人事部门负责审核汇总；社会考生需按报名页面要求上传推荐信。根据成文日期，推荐信当年有效。3、在2021年下半年—2024年上半年内报考且已通过一门或两门科目的报考人员，参加本次教师资格考试，此次不需要上传推荐信。考生需注意，高等学校教师资格的认定除三门教育类专业课程考试成绩合格外，还需符合相应的学历层次、满足体检标准等，因此请考生在报考前详细了解高等学校教师资格的认定条件，谨慎报考。
",
证书考试,上海市高等学校教师资格专业课程考试,报名篇," 问：高校教资考的报名时间？	答：高校教资考每年有次，具体报名时间需以上海招考热线（https://www.shmeea.edu.cn/）网站公告为准，一般上半年在4月上旬，下半年在9月中旬。	注：2025年上半年报名时间：4月8日9:00—4月14日16:002024年下半年报名时间：9月13日9:00—9月19日16:00",
证书考试,上海市高等学校教师资格专业课程考试,报名篇," 问：报名完成后什么时候缴费？	答：报名完成后需等待审核，待审核完成后缴费。具体缴费时间请以上海招考热线（https://www.shmeea.edu.cn/）网站公告为准。	注：2025年上半年缴费时间：4月17日0:00—4月21日11:00 2024年下半年缴费时间：9月25日10:00—9月29日16:00",
证书考试,上海市高等学校教师资格专业课程考试,报名篇," 问：考生提交材料后未有审核结果，什么时候能审核完	答：上海招考热线（https://www.shmeea.edu.cn/）网站公告为准，考生有报名，会在规定时间内审核完毕。烦请考生同时关注报名反馈并耐心等待。	注：2025年上半年审核时间：4月8日9:00—4月16日11:00  2024年下半年审核时间：9月13日9:00—9月24日15:00",
证书考试,上海市高等学校教师资格专业课程考试,报名篇," 问：推荐书有没有格式要求？	答：根据“报考条件及要求”需要上传推荐信的考生，请根据报名页面提示将推荐信原件拍照上传。	推荐信中须说明被推荐人的学历学位及专业特长等基本情况，推荐人须为两名相关专业的教授或者副教授，落款应署明推荐人姓名和成文日期(推荐信当年有效)，并注明推荐人的工作单位、职务、职称和手机号码。	推荐书可以机打，但签名、日期部分需手写	",
证书考试,上海市高等学校教师资格专业课程考试,报名篇," 问：错过报名时间、缴费时间，有补报名或者补缴费吗？	答：错过报名时间、缴费时间视作放弃报考。",
证书考试,上海市高等学校教师资格专业课程考试,报名篇,问：考生已取得博士学位，报名申请时为什么被驳回？答：高等学校拟聘任副教授以上教师职务或具有博士学位的申请人申请认定高等学校教师资格，可免上述专业课程考试合格证。,
证书考试,上海市高等学校教师资格专业课程考试,报名篇,问：考生在任职单位是工程师，和副教授同属7级岗位，是否也可以申请专业课程的笔试免考？,
证书考试,上海市高等学校教师资格专业课程考试,考试篇,问：什么时候考试？在哪里考试 答：科目：心理学概论，时间：2025年上半年考试时间：2025年5月25日（星期日）08:30---10:30，具体考场地址以网上下载打印的准考证为准。,
证书考试,上海市高等学校教师资格专业课程考试,考试篇,问：什么时候考试？在哪里考试 答：科目：高等教育学概论，时间：2025年上半年考试时间：2025年5月25日（星期日）12:00---14:00，具体考场地址以网上下载打印的准考证为准。,
证书考试,上海市高等学校教师资格专业课程考试,考试篇,问：什么时候考试？在哪里考试 答：科目：高等教育方法概论，时间：2025年上半年考试时间：2025年5月25日（星期日）15:00---17:00，具体考场地址以网上下载打印的准考证为准。,
证书考试,上海市高等学校教师资格专业课程考试,考试篇,问：什么时候下载准考证？在哪里下载准考证？答：考生可登录上海招考热线(https://www.shmeea.edu.cn/)进入上海市高等学校教师资格专业课程考试考生服务平台网上打印准考证（当初报名端口）。注：2025年上半年高校教资考考准考证下载时间：未公布2024年下半年高校教资考考准考证下载时间：11月20日起,
证书考试,上海市高等学校教师资格专业课程考试,考试篇,问：考生身份证遗失怎么办？答：考生凭本人纸质版准考证和有效身份证件原件【有效期内的居民身份证/港澳台居民居住证/港澳居民来往内地通行证/台湾居民来往大陆通行证(五年有效期)或公安机关出具的身份证明】参加考试。准考证上的姓名和证件号码与身份证件不一致者，不得参加考试。,
证书考试,上海市高等学校教师资格专业课程考试,考试篇, 问：考生可以携带计算器参考吗？答：考生进入考场时，除必要的考试文具（如橡皮、2B铅笔、黑色字迹的墨水笔等）以及准考证、身份证件外，其余物品（包括书籍、资料、手机、所有带收发功能的手表及其他电子智能设备等）都必须放置在指定地点。,
证书考试,上海市高等学校教师资格专业课程考试,结果篇, 问：什么时候可以查询考试成绩？/在哪里查询？答：考生可登录上海招考热线（https://www.shmeea.edu.cn/）进入上海市高等学校教师资格专业课程考试考生服务平台查询成绩。（当初报名端口）注：2025年上半年高校教资考成绩查询时间：未公布2024年下半年高校教资考成绩查询时间：12月11日起,
证书考试,上海市高等学校教师资格专业课程考试,结果篇, 问：对于考试成绩不认可怎么办？什么时候可以申请成绩复核？什么时候查询成绩复核的结果？答：考生如对本次考试成绩有疑问，可于12月11日上午10:00至12月20日上午10:00期间登录 “上海招考热线”网站，进入首页“成绩查询”栏目申请成绩复核，注：2025年上半年高校教资考成绩复核申请时间未公布2024年下半年高校教资考申请成绩复核时间：12月11日上午10:00至12月20日上午10:00   2024年下半年高校教资考查询成绩复核结果时间：12月24日上午10:00起,
证书考试,上海市高等学校教师资格专业课程考试,结果篇,问：成绩复核什么内容，能查看试卷吗？答：成绩复核只核查考生答卷是否有漏评、加分错、登分错，不重新评阅答卷；复核结果只向考生提供所复核科目合格情况，不得查阅答卷。,
证书考试,上海市高等学校教师资格专业课程考试,结果篇,问：往年的高校教资考专业课成绩如何查询？答：考生可在报名期间登录查询，非报名期间，考生可登录“随申办”—“考试成绩证明”栏目查询往期成绩。,
